host_organization,program,apply_link,deadline,grade_eligibility
Questbridge,College Prep Scholars,college-prep-scholars,"March 20, 2025",11
LEDA,Leadership Enterprise for a Diverse America,https://ledascholars.org/,"December 11, 2024",11
Thrive,Thrive Scholars 6 Year Program,https://www.thrivescholars.org,"December 15, 2024",11
Thrive,Thrive OnRamp,thrive-onramp,"December 15, 2024",10
USC Bovard,Bovard Scholars,https://bovardscholars.usc.edu/,"January 17, 2025",11
Matriculate,Matriculate High School Fellows,https://matriculate.org/,Opens February 2025,"11, 12"
MITES,"MIT Intro to Tech, Engineering, and Science",https://mites.mit.edu/,"February 1, 2025",11
Alexander Hamilton Scholars,Hamilton Scholars,https://www.hamiltonscholars.org/,"January 31, 2025",11
Carnegie Melon University,Carnegie Mellon's Pre-College Programs,https://www.cmu.edu/pre-college/index.html,"March 1, 2025","10, 11"
Carnegie Melon University,Summer Academy for Math and Science (SAMS),https://www.cmu.edu/pre-college/academic-programs/sams.html,"March 1,2025",11
Kettering University AIM,Academically Interested Minds (AIM),https://www.kettering.edu/academics/precollege/AIM,NaN,12
Hispanic Scholarship Fund,HSF Scholar Program,https://www.hsf.net/,"February 15, 2025",11
Arizona State University,Barrett Summer Scholars (BSS), https://eoss.asu.edu/bss,,Rising 8 - 11
Brown Pre-college Programs,Brown Pre-college Programs,https://precollege.brown.edu/?utm_source=google&utm_medium=cpc,"May 9, 2025",9 - 12
Washington University in St. Louis,Washington University Pre-collegiate Programs,https://precollege.wustl.edu/,,
Stanford University,Stanford Math Circle,https://mathcircle.spcs.stanford.edu/,,
Vanderbilt University,Vanderbilt Program for Talented Youth,https://pty.vanderbilt.edu/,,
Stanford University,Stanford Pre-collegiate Studies,https://spcs.stanford.edu/,,
University of Chicago,Uchicago Summer Immersion Sessions,https://summer.uchicago.edu/programs/immersion,,
Brown Pre-college Programs,Brown Environmental Leadership Labs (BELL),https://precollege.brown.edu/programs/bell-program,"March 31, 2025",10 - 12
Yale University,Yale Young Global Scholars (YYGS),https://globalscholars.yale.edu/,,
